CRICKET,"CRICKET LIVE SCORE","CRICKET SCORE","CRICKET LIVE","LIVE CRICKET SCORE CRICBUZZ","CRICKET NEWS","LIVE CRICKET ONLINE","CRICKET LIVE VIDEO","CRICKET INDIA"
"cricket score",cricbuzz,cricbuzz,"cricket live video",,"today cricket news in hindi","live cricket tv","hotstar live cricket match today online","india national cricket team players"
"cricket live","live cricket online","cricbuzz schedule","live cricket online",,"latest indian cricket news","hotstar live cricket match today online","live cricket tv",cricbuzz
"live cricket score cricbuzz","live cricket tv","live cricket online","live cricket tv",,"cricket news today match","live cricket score cricbuzz","live cricket score","cricket live"
"cricket live score","hotstar live cricket match today online","hotstar live cricket match today online","hotstar live cricket match today online",,"international cricket news","cricket live score","star sports live","cricinfo india"
"cricket news","finland cricket live score","live cricket tv",cricbuzz,,"latest cricket news","espn live",cricbuzz,"india cricket schedule 2020"
"live cricket online","cricbuzz schedule","cricket news","espn live",,"online cricket news","cricket live video","live cricket score cricbuzz","india next cricket match schedule"
"cricket live video","espn live","yahoo cricket score","ucc cricket live",,"today's cricket news","cricbuzz schedule","live cricket online","india national cricket team coaches"
"cricket india","cricket live video","ball by ball","cricbuzz schedule",,"today's cricket news headlines","cricket news","sony liv","today indian cricket team players list"
CRICKET,"CRICKET LIVE SCORE","CRICKET SCORE","CRICKET LIVE","LIVE CRICKET SCORE CRICBUZZ","CRICKET NEWS","LIVE CRICKET ONLINE","CRICKET LIVE VIDEO","CRICKET INDIA"
"cricket score",cricbuzz,cricbuzz,"cricket live video",,"today cricket news in hindi","live cricket tv","hotstar live cricket match today online","india national cricket team players"
"cricket live","live cricket online","cricbuzz schedule","live cricket online",,"latest indian cricket news","hotstar live cricket match today online","live cricket tv",cricbuzz
"live cricket score cricbuzz","live cricket tv","live cricket online","live cricket tv",,"cricket news today match","live cricket score cricbuzz","live cricket score","cricket live"
"cricket live score","hotstar live cricket match today online","hotstar live cricket match today online","hotstar live cricket match today online",,"international cricket news","cricket live score","star sports live","cricinfo india"
"cricket news","finland cricket live score","live cricket tv",cricbuzz,,"latest cricket news","espn live",cricbuzz,"india cricket schedule 2020"
"live cricket online","cricbuzz schedule","cricket news","espn live",,"online cricket news","cricket live video","live cricket score cricbuzz","india next cricket match schedule"
"cricket live video","espn live","yahoo cricket score","ucc cricket live",,"today's cricket news","cricbuzz schedule","live cricket online","india national cricket team coaches"
"cricket india","cricket live video","ball by ball","cricbuzz schedule",,"today's cricket news headlines","cricket news","sony liv","today indian cricket team players list"
